Wavelength (nm),Pk14eVextrap_n,Pk14eVextrap_k
280,2.12548356249999,1.0767031875
281,2.1311391875,1.0767750625
282,2.13621606249999,1.07700693749999
283,2.14071418749999,1.07739881249999
284,2.14626756249999,1.07906081249999
285,2.152198625,1.08054912499999
286,2.158737375,1.08130287499999
287,2.16550187499999,1.0809501875
288,2.17213518749999,1.08015731249999
289,2.17671706249999,1.07967043749999
290,2.182122,1.07959533333333
291,2.18834999999999,1.07993199999999
292,2.19376375,1.07944762499999
293,2.19923199999999,1.07943275
294,2.20478199999999,1.08012212499999
295,2.2112145,1.080073
296,2.217762625,1.07975062499999
297,2.22389074999999,1.07907375
298,2.2304805,1.07826299999999
299,2.237378,1.077363
300,2.243183,1.07463862499999
301,2.2481225,1.07261975
302,2.25176375,1.071659125
303,2.257639,1.0717075
304,2.26398825,1.07153762499999
305,2.26999949999999,1.06948574999999
306,2.27535974999999,1.06834249999999
307,2.28028599999999,1.06780499999999
308,2.28823466666666,1.06616833333333
309,2.29479275,1.0641009375
310,2.29996024999999,1.06160281249999
311,2.30585225,1.05902312499999
312,2.31123168749999,1.05661981249999
313,2.31522731249999,1.05464918749999
314,2.3206719375,1.0528964375
315,2.32663275,1.0511375
316,2.33165025,1.04848249999999
317,2.33669212499999,1.045776875
318,2.34175837499999,1.043020625
319,2.34574124999999,1.04070649999999
320,2.34995962499999,1.03868243749999
321,2.355008375,1.0372205625
322,2.3603835,1.0351094375
323,2.36590059999999,1.03259239999999
324,2.3714366,1.0289264
325,2.37582074999999,1.02554374999999
326,2.37943699999999,1.02235
327,2.38389137499999,1.01959375
328,2.38756324999999,1.01669475
329,2.390061375,1.013581625
330,2.3936245,1.01256049999999
331,2.397725125,1.01172712499999
332,2.40291075,1.00955275
333,2.40765724999999,1.007117
334,2.41211099999999,1.004507
335,2.417064125,1.00200387499999
336,2.42182975,0.998766999999999
337,2.42631412499999,0.994429499999999
338,2.42913049999999,0.9908055
339,2.43165106666666,0.987584466666666
340,2.43465639999999,0.985261799999999
341,2.43795068749999,0.983209187499999
342,2.44141775,0.981238687499999
343,2.44532524999999,0.978965562499999
344,2.44909587499999,0.976477749999999
345,2.45272962499999,0.973775249999999
346,2.45614849999999,0.971244312499999
347,2.45964756249999,0.968726812499999
348,2.4633894375,0.9661961875
349,2.46673799999999,0.963137062499999
350,2.46985468749999,0.9599661875
351,2.47240156249999,0.9578280625
352,2.475465,0.955594
353,2.479045,0.953264
354,2.481917375,0.950661749999999
355,2.4848294,0.948224399999999
356,2.48801739999999,0.946242399999999
357,2.49166899999999,0.944131999999999
358,2.49534825,0.941789374999999
359,2.49867449999999,0.93864625
360,2.501407125,0.935841
361,2.503744,0.933261
362,2.506434625,0.931490999999999
363,2.50939825,0.929625499999999
364,2.512771375,0.927616749999999
365,2.515761,0.925374
366,2.5187625,0.92319675
367,2.52219499999999,0.921515499999999
368,2.52575349999999,0.9190325
369,2.529396,0.916015
370,2.53169475,0.913542499999999
371,2.53447079999999,0.911177933333333
372,2.53796279999999,0.908975266666666
373,2.54055468749999,0.906235
374,2.54302087499999,0.90384375
375,2.545427125,0.902406249999999
376,2.5485486875,0.900652
377,2.55191625,0.898740812499999
378,2.55473875,0.8966389375
379,2.55773749999999,0.8948301875
380,2.5609125,0.8933145625
381,2.56475518749999,0.891465375
382,2.56863062499999,0.889261499999999
383,2.57240937499999,0.8863165
384,2.57538749999999,0.8833588125
385,2.57800512499999,0.880479312499999
386,2.58046637499999,0.8783524375
387,2.58321566666666,0.876352999999999
388,2.586253,0.874480999999999
389,2.589466125,0.872744749999999
390,2.5927895,0.871011749999999
391,2.59627825,0.869283625
392,2.6002355,0.867348
393,2.604302,0.865178375
394,2.608337,0.862280249999999
395,2.611979,0.859318
396,2.615359,0.856312999999999
397,2.6187415,0.853293
398,2.62183475,0.850164499999999
399,2.624494125,0.84687325
400,2.626813,0.8445485
401,2.62934813333333,0.842526266666666
402,2.63308879999999,0.8407476
403,2.63694974999999,0.838440375
404,2.64083531249999,0.8358698125
405,2.6444784375,0.832967937499999
406,2.6480425,0.830028249999999
407,2.6515275,0.827050749999999
408,2.6550051875,0.8240040625
409,2.658461625,0.820885375
410,2.66187037499999,0.817616624999999
411,2.665105875,0.8142433125
412,2.66823506249999,0.810833437499999
413,2.6710756875,0.8074978125
414,2.67388037499999,0.804335
415,2.67664912499999,0.801345
416,2.6796805625,0.79853275
417,2.68293179999999,0.795622599999999
418,2.6866278,0.792437933333333
419,2.69011149999999,0.788960499999999
420,2.69345049999999,0.785401
421,2.69642299999999,0.781806
422,2.69946749999999,0.778310749999999
423,2.70256,0.774881999999999
424,2.70560499999999,0.771030749999999
425,2.70841799999999,0.767249999999999
426,2.71088299999999,0.763575
427,2.7136835,0.760317499999999
428,2.71665,0.757016374999999
429,2.719945,0.75312325
430,2.722703,0.749050125
431,2.72510299999999,0.744856999999999
432,2.72755166666666,0.741268333333333
433,2.73026599999999,0.737738062499999
434,2.733246,0.734266187499999
435,2.736089875,0.7303409375
436,2.7388651875,0.7264016875
437,2.74151581249999,0.7225473125
438,2.744350625,0.718572187499999
439,2.74723918749999,0.714494562499999
440,2.74990106249999,0.7099601875
441,2.752302625,0.705450812499999
442,2.754443875,0.700966437499999
443,2.75649793749999,0.696735187499999
444,2.75862579999999,0.6924706
445,2.76094846666666,0.6880626
446,2.76322799999999,0.6836735
447,2.76541175,0.67923275
448,2.7672555,0.674566499999999
449,2.76884387499999,0.670184874999999
450,2.77026199999999,0.665992999999999
451,2.77219887499999,0.662206749999999
452,2.77429324999999,0.65819375
453,2.77662387499999,0.653840625
454,2.778601,0.649136
455,2.78041675,0.64437025
456,2.7819405,0.639711499999999
457,2.78344175,0.63513525
458,2.78492799999999,0.630614
459,2.78658466666666,0.625759999999999
460,2.7881801875,0.620937375
461,2.78971456249999,0.616146124999999
462,2.79097443749999,0.611147312499999
463,2.7920811875,0.606127874999999
464,2.79290181249999,0.601114124999999
465,2.7934879375,0.596273624999999
466,2.7939716875,0.591546124999999
467,2.79443856249999,0.587167374999999
468,2.79503825,0.582819874999999
469,2.79577074999999,0.578503625
470,2.7965094375,0.573956187499999
471,2.79718139999999,0.569263399999999
472,2.79769606666666,0.564291399999999
473,2.79802899999999,0.559637
474,2.79829474999999,0.555080875
475,2.7984735,0.55060025
476,2.798612125,0.546162
477,2.79872399999999,0.541752
478,2.79877025,0.5373695
479,2.79877525,0.532993999999999
480,2.79871837499999,0.528629
481,2.79855599999999,0.524295999999999
482,2.79833762499999,0.51999125
483,2.79800074999999,0.5157675
484,2.79760639999999,0.5114864
485,2.79718187499999,0.507203999999999
486,2.79683062499999,0.503253999999999
487,2.79647999999999,0.499284625
488,2.79613,0.495295874999999
489,2.79566524999999,0.491299812499999
490,2.79514968749999,0.487330499999999
491,2.79454531249999,0.4834255
492,2.793895875,0.4796075625
493,2.793227125,0.475838687499999
494,2.792558375,0.472175562499999
495,2.79188899999999,0.468405666666666
496,2.79121899999999,0.464529
497,2.79053649999999,0.460840874999999
498,2.7897875,0.457171999999999
499,2.78893874999999,0.453531999999999
500,2.7880335,0.450033499999999
501,2.78712649999999,0.446584874999999
502,2.78626899999999,0.44319425
503,2.78536724999999,0.439763125
504,2.78443599999999,0.436304999999999
505,2.783254125,0.432989375
506,2.782077,0.429839749999999
507,2.780907,0.426939124999999
508,2.78002606666666,0.423989933333333
509,2.77928993749999,0.420973874999999
510,2.7787230625,0.417830124999999
511,2.7779146875,0.41451925
512,2.77696962499999,0.411159124999999
513,2.775725875,0.408000374999999
514,2.77449712499999,0.4049875625
515,2.773283375,0.4021206875
516,2.7721675,0.3993156875
517,2.77105256249999,0.3965239375
518,2.76991443749999,0.393747062499999
519,2.76870126666666,0.390951666666666
520,2.76750287499999,0.388209999999999
521,2.76649224999999,0.385714999999999
522,2.765586625,0.383157374999999
523,2.76475099999999,0.380558
524,2.76383037499999,0.3777455
525,2.7628095,0.37493575
526,2.76163825,0.372130124999999
527,2.760359,0.369491999999999
528,2.75904253333333,0.366901533333333
529,2.7576852,0.364334199999999
530,2.75646075,0.3619588125
531,2.75530593749999,0.359666375
532,2.75426531249999,0.357380125
533,2.75325124999999,0.3550429375
534,2.75226375,0.3526548125
535,2.7511845625,0.3501885
536,2.75004925,0.347723999999999
537,2.74880674999999,0.345284
538,2.74748549999999,0.3429380625
539,2.74611779999999,0.340637933333333
540,2.7446358,0.338387266666666
541,2.743281375,0.336343249999999
542,2.74201199999999,0.334436999999999
543,2.74096512499999,0.332552624999999
544,2.73995949999999,0.330600249999999
545,2.73901575,0.328545874999999
546,2.737972,0.326390999999999
547,2.73687024999999,0.32422125
548,2.7356365,0.3220925
549,2.73436524999999,0.320050749999999
550,2.73306899999999,0.318066999999999
551,2.73170633333333,0.316092333333333
552,2.73042624999999,0.31423
553,2.72922874999999,0.312479999999999
554,2.72812856249999,0.3107435
555,2.72705399999999,0.308988062499999
556,2.726014,0.3071849375
557,2.7249298125,0.3053529375
558,2.72381943749999,0.3035144375
559,2.72264381249999,0.301728812499999
560,2.72144033333333,0.299936666666666
561,2.720209,0.298138
562,2.719124625,0.296466124999999
563,2.71804175,0.294769749999999
564,2.716961125,0.293036624999999
565,2.715799,0.2912945
566,2.71459612499999,0.289569875
567,2.71331174999999,0.287924249999999
568,2.71201574999999,0.286374249999999
569,2.710712,0.284887999999999
570,2.70938599999999,0.283467333333333
571,2.7081764375,0.2821535625
572,2.7070833125,0.2809466875
573,2.70618874999999,0.27973025
574,2.7053588125,0.2784574375
575,2.7046281875,0.2770555625
576,2.70382668749999,0.2755040625
577,2.702973,0.2738876875
578,2.701923,0.2722645625
579,2.70077666666666,0.270685333333333
580,2.69953399999999,0.26915
581,2.69845337499999,0.267873124999999
582,2.69742499999999,0.266607999999999
583,2.69647499999999,0.265360499999999
584,2.6955765,0.264069499999999
585,2.694691375,0.262760125
586,2.69380825,0.261420749999999
587,2.69288419999999,0.260021799999999
588,2.6919393125,0.25859175
589,2.69105243749999,0.257239249999999
590,2.69016712499999,0.255877062499999
591,2.68928337499999,0.2545051875
592,2.68838274999999,0.253105187499999
593,2.687466375,0.251695124999999
594,2.686517625,0.250268875
595,2.68551943749999,0.248835625
596,2.6844814,0.2473932
597,2.6832754,0.245895199999999
598,2.682051625,0.244529124999999
599,2.680816,0.243250999999999
600,2.679575375,0.242187874999999
601,2.67840475,0.2411895
602,2.677339125,0.240288249999999
603,2.6764475,0.239371
604,2.67560993333333,0.238400666666666
605,2.67481459999999,0.237234
606,2.67399981249999,0.236019937499999
607,2.67316356249999,0.2347829375
608,2.6722091875,0.233522312499999
609,2.67120418749999,0.2322948125
610,2.6701485625,0.231100437499999
611,2.669051875,0.229989312499999
612,2.66794837499999,0.2289189375
613,2.666839625,0.227922062499999
614,2.66571366666666,0.226951933333333
615,2.664610125,0.226016374999999
616,2.66362575,0.225173249999999
617,2.66269012499999,0.224336124999999
618,2.66178699999999,0.223503
619,2.660943875,0.222644249999999
620,2.66011325,0.221765749999999
621,2.659301375,0.220857625
622,2.65843073333333,0.219842933333333
623,2.65753368749999,0.218812124999999
624,2.6566093125,0.217805875
625,2.65560881249999,0.2168438125
626,2.65457024999999,0.215915499999999
627,2.65348274999999,0.215120499999999
628,2.65242368749999,0.214403312499999
629,2.65139306249999,0.2137639375
630,2.650411,0.213183399999999
631,2.64951675,0.2126425
632,2.64874612499999,0.212151249999999
633,2.64810049999999,0.2116425
634,2.64751249999999,0.211109999999999
635,2.64702999999999,0.210499999999999
636,2.64658237499999,0.209792124999999
637,2.64615799999999,0.209019
638,2.64564933333333,0.208032999999999
639,2.6451009375,0.207032812499999
640,2.64451281249999,0.206018437499999
641,2.64379924999999,0.20497875
642,2.64302618749999,0.203951437499999
643,2.6421468125,0.2029595625
644,2.64114193333333,0.2020292
645,2.64009675,0.201180999999999
646,2.63910549999999,0.200556
647,2.6382245,0.200022124999999
648,2.637417,0.199549
649,2.63682887499999,0.199037749999999
650,2.63627874999999,0.198440499999999
651,2.635785625,0.197714249999999
652,2.63511046666666,0.196798866666666
653,2.63432456249999,0.195880312499999
654,2.6333864375,0.1950646875
655,2.63236999999999,0.1944870625
656,2.6313491875,0.194045812499999
657,2.6305910625,0.193913937499999
658,2.63006,0.193760666666666
659,2.62975599999999,0.193586
660,2.62979724999999,0.193006624999999
661,2.62976449999999,0.192198499999999
662,2.62962074999999,0.19104725
663,2.6290355,0.189757999999999
664,2.628238375,0.18849275
665,2.62703525,0.1874615
666,2.625732,0.1867878
667,2.6244108125,0.186394
668,2.6235289375,0.186374
669,2.6228933125,0.186348375
670,2.62250393749999,0.186317125
671,2.622376125,0.1859635625
672,2.6222426,0.185453
673,2.62202793333333,0.184659666666666
674,2.62162399999999,0.183804999999999
675,2.62112762499999,0.182953
676,2.62045074999999,0.182173
677,2.619743875,0.181506625
678,2.61901699999999,0.180915999999999
679,2.61831433333333,0.180422666666666
680,2.6176889375,0.179973812499999
681,2.6171408125,0.179569437499999
682,2.6167051875,0.179152687499999
683,2.61631337499999,0.178704562499999
684,2.615994625,0.178186437499999
685,2.6156964375,0.177537937499999
686,2.61538899999999,0.176802333333333
687,2.61491899999999,0.175785666666666
688,2.614215375,0.174767375
689,2.613356,0.173748
690,2.612067875,0.17302675
691,2.61070475,0.172563749999999
692,2.609229125,0.172488124999999
693,2.60804066666666,0.173037266666666
694,2.6071991875,0.173792
695,2.60699981249999,0.174661999999999
696,2.60735912499999,0.175262499999999
697,2.60798987499999,0.1756585625
698,2.60890862499999,0.1752541875
699,2.60962033333333,0.174445666666666
700,2.610125,0.173232999999999
701,2.60990062499999,0.171924874999999
702,2.609446,0.170760749999999
703,2.608646,0.169812624999999
704,2.60778733333333,0.169371266666666
705,2.60706012499999,0.169163
706,2.606673875,0.169202999999999
707,2.6066398125,0.1691975
708,2.60678725,0.1691298125
709,2.60720974999999,0.168677937499999
710,2.60757899999999,0.167964666666666
711,2.607895,0.166989999999999
712,2.60786374999999,0.165858124999999
713,2.6076945,0.164734749999999
714,2.60731825,0.163624124999999
715,2.606778,0.1626845
716,2.60618553333333,0.1618186
717,2.6055482,0.161076599999999
718,2.604979875,0.160455874999999
719,2.6044491875,0.15989275
720,2.6039910625,0.15938025
721,2.60356418749999,0.158869624999999
722,2.6031685625,0.158360875
723,2.6027846,0.1578054
724,2.60241774999999,0.157245999999999
725,2.60207462499999,0.1566885
726,2.60171599999999,0.156094499999999
727,2.60133239999999,0.155478933333333
728,2.60086439999999,0.154813599999999
729,2.60035256249999,0.1542093125
730,2.59981506249999,0.153642
731,2.5992156875,0.153172
732,2.59861568749999,0.152783562499999
733,2.5980150625,0.152476687499999
734,2.59747499999999,0.1522864
735,2.59701324999999,0.152143
736,2.596658875,0.1520505
737,2.5964305,0.151965999999999
738,2.5962626,0.151871333333333
739,2.5962106,0.151728
740,2.59624356249999,0.151516125
741,2.59631987499999,0.1512591875
742,2.59645862499999,0.150861062499999
743,2.5965920625,0.150360437499999
744,2.59672018749999,0.149757312499999
745,2.59668559999999,0.148915799999999
746,2.59650349999999,0.148058749999999
747,2.59612724999999,0.147218124999999
748,2.59550549999999,0.146545499999999
749,2.59477993333333,0.145998866666666
750,2.59388459999999,0.1457882
751,2.59318418749999,0.145974374999999
752,2.59262556249999,0.146357062499999
753,2.5925911875,0.1469776875
754,2.5928765,0.147536124999999
755,2.59348149999999,0.148032374999999
756,2.59459799999999,0.148084999999999
757,2.59576725,0.147790499999999
758,2.596930375,0.147049249999999
759,2.59778299999999,0.145882499999999
760,2.59845473333333,0.144550266666666
761,2.59871339999999,0.142981599999999
762,2.59860593749999,0.1415646875
763,2.59831343749999,0.140250375
764,2.59776781249999,0.139274124999999
765,2.59721033333333,0.138454666666666
766,2.59664099999999,0.137791999999999
767,2.59624787499999,0.137405749999999
768,2.5959345,0.137068999999999
769,2.59574075,0.136806499999999
770,2.59571213333333,0.136543866666666
771,2.5957781875,0.136267562499999
772,2.5959688125,0.1359594375
773,2.59625875,0.135562937499999
774,2.59659956249999,0.135109687499999
775,2.59701518749999,0.134486562499999
776,2.59743266666666,0.133714333333333
777,2.597852,0.132792999999999
778,2.59806012499999,0.131739875
779,2.59816774999999,0.13066975
780,2.598124625,0.129574124999999
781,2.59787759999999,0.128506999999999
782,2.59754056249999,0.1275379375
783,2.59711243749999,0.126781062499999
784,2.59671756249999,0.126225874999999
785,2.59635419999999,0.125773799999999
786,2.5961462,0.125471799999999
787,2.5960885,0.125223499999999
788,2.596131,0.125011
789,2.59641225,0.124759124999999
790,2.5967826,0.124442666666666
791,2.59728659999999,0.124029333333333
792,2.5978730625,0.123476125
793,2.5984881875,0.1228449375
794,2.59914881249999,0.1220680625
795,2.59984073333333,0.121078066666666
796,2.60051699999999,0.119958624999999
797,2.601077,0.11868675
798,2.60149,0.117303125
799,2.601805,0.115845
800,2.60182299999999,0.114255666666666
801,2.6017035625,0.11277475
802,2.6014466875,0.11140225
803,2.601004,0.110198199999999
804,2.60057124999999,0.109176999999999
805,2.60018437499999,0.108401999999999
806,2.599992,0.107783999999999
807,2.5999094,0.107201933333333
808,2.6000714,0.106606599999999
809,2.6004153125,0.105932749999999
810,2.600851875,0.105194687499999
811,2.60142062499999,0.1041815625
812,2.601967,0.102967
813,2.602491,0.101551
814,2.602789125,0.100026625
815,2.60299525,0.0984707499999999
816,2.603063375,0.0968676249999999
817,2.60295219999999,0.0952083333333333
818,2.6027605,0.0936034999999999
819,2.60248549999999,0.0921585
820,2.60219256249999,0.0904951541666665
821,2.60189219999999,0.0889062916666668
822,2.6015942,0.087317429166667
823,2.601332875,0.0857285666666673
824,2.601096,0.0841397041666677
825,2.60089799999999,0.0825508416666681
826,2.60072868749999,0.0809619791666684
827,2.60058806249999,0.0793731166666687
828,2.6004766875,0.0777842541666689
829,2.6003698,0.0761953916666692
830,2.6002658,0.0746065291666696
831,2.60014699999999,0.07301766666667
832,2.60000737499999,0.0714288041666703
833,2.59979924999999,0.0698399416666705
834,2.599466,0.0682510791666708
835,2.59902912499999,0.0666622166666711
836,2.598410375,0.0650733541666715
837,2.59764966666666,0.0634844916666719
838,2.596747,0.0618956291666721
839,2.595706375,0.0603067666666724
840,2.59462349999999,0.0587179041666727
841,2.59347724999999,0.057129041666673
842,2.59229066666666,0.0555401791666732
843,2.591142875,0.0539513166666735
844,2.590109125,0.052362454166674
845,2.58910879999999,0.0507735916666743
846,2.58815499999999,0.0491847291666746
847,2.58733,0.0475958666666748
848,2.586533875,0.0460070041666751
849,2.585757,0.0444181416666754
850,2.58489499999999,0.0428292791666758
851,2.5840261875,0.0412404166666762
852,2.5831505625,0.0396515541666764
853,2.582148,0.0380626916666767
854,2.58112699999999,0.036473829166677
855,2.58009949999999,0.0348849666666773
856,2.579034,0.0332961041666776
857,2.57794253333333,0.0317072416666779
858,2.5767852,0.0301183791666783
859,2.57568768749999,0.0285295166666786
860,2.57461173333333,0.0269406541666789
861,2.57349906666666,0.0253517916666792
862,2.572453625,0.0237629291666796
863,2.57145299999999,0.0221740666666799
864,2.570518625,0.0205852041666802
865,2.56959826666666,0.019336714792179
866,2.56869893333333,0.018100650977283
867,2.56792724999999,0.0169236289935619
868,2.5671718,0.0158063022214414
869,2.56642113333333,0.0147957159231571
870,2.56490501481481,0.0138334298192939
871,2.56319753333333,0.0129204549375742
872,2.56149005185185,0.0120942157862095
873,2.55978257037037,0.0113074893924242
874,2.55807508888888,0.0105614917528355
875,2.5563676074074,0.00988597210299699
876,2.55466012592592,0.00924277646098337
877,2.55295264444444,0.00863321699837945
878,2.55124516296296,0.00808092334215893
879,2.54953768148148,0.00755507279219051
880,2.54783019999999,0.00705699784029818
881,2.54612271851851,0.00660545186535287
882,2.54441523703703,0.00617553801331851
883,2.54280114705882,0.00576855777115674
884,2.54140497058823,0.00539938152609973
885,2.54000879411764,0.00504790169301262
886,2.53861261764705,0.00471535552324281
887,2.53790997058823,0.00441352345918667
888,2.53728438235294,0.0041261681328432
889,2.53665879411764,0.00385444252169029
890,2.53593276470588,0.00360766997006356
891,2.53510629411764,0.00337274025132444
892,2.53427982352941,0.00315071150924771
893,2.5333974117647,0.0029489547085042
894,2.53201152941176,0.00275688603662067
895,2.53062564705882,0.00257546492545266
896,2.52923976470588,0.00241051224897531
897,2.52782499999999,0.00225348501690758
898,2.52639785714285,0.00210524466176443
899,2.52497071428571,0.00197038241087525
900,2.52363311764705,0.00184200361877727
901,2.52265370588235,0.00172087547249106
902,2.52167429411764,0.00161061463306066
903,2.52069488235294,0.00150565762002344
904,2.52007217647058,0.00140668303372698
905,2.51953864705882,0.00131653587592598
906,2.51900511764705,0.00123072753440891
907,2.51846158823529,0.00114985476426506
908,2.51790305882352,0.00107615219348441
909,2.51734452941176,0.00100599900386611
910,2.516786,0.000939917343962538
911,2.51598864705882,0.000879659569400435
912,2.51519129411764,0.000822305372438264
913,2.51439394117647,0.000768309623710428
914,2.51351135294117,0.000719044067074199
915,2.51257194117647,0.00067215378410797
916,2.51163252941176,0.000628033511025631
917,2.51070311764705,0.000587754986409217
918,2.50981370588235,0.00054941955347744
919,2.50892429411764,0.000513368594971949
920,2.50803488235294,0.000480437697360364
921,2.50725677142857,0.000449096343018504
922,2.50650648571428,0.000419638873280291
923,2.50575619999999,0.000392715254188386
924,2.50503820588235,0.000367091956885359
925,2.50439555882352,0.000343022069166686
926,2.5037529117647,0.000321009883799157
927,2.50311026470588,0.000300061421923462
928,2.50256026470588,0.000280393762075611
929,2.50202055882352,0.000262397067756081
930,2.50148085294117,0.00024527054740654
931,2.50094923529411,0.000229199976225991
932,2.50042570588235,0.000214486266844562
933,2.49990217647058,0.000200484398224863
934,2.49936717647058,0.000187353031297276
935,2.49872894117647,0.000175323423650752
936,2.49809070588235,0.000163876132439382
937,2.49745247058823,0.000153146408184425
938,2.49672179411764,0.000143311266807254
939,2.49595149999999,0.000133952484756904
940,2.49518120588235,0.000125185158154711
941,2.49440270588235,0.000117144166579345
942,2.49360505882352,0.000109492856451576
943,2.4928074117647,0.000102329017575287
944,2.49200976470588,9.57548849260462E-05
945,2.49131311428571,0.00008949952725163
946,2.49062768571428,0.000083645908494848
947,2.48994225714285,0.000078271048274567
948,2.48929288235294,7.31569583652127E-05
949,2.48869758823529,6.83739288831901E-05
950,2.48810229411764,6.39795677781151E-05
951,2.48750699999999,5.97985266387981E-05
952,2.48696494117647,0.000055890282529222
953,2.48642288235294,5.22975559580935E-05
954,2.48588082352941,4.88793329515908E-05
955,2.48534388235294,4.56858815882977E-05
956,2.48481035294117,4.27485535812548E-05
957,2.48427682352941,3.99539757128418E-05
958,2.48374505882352,3.73445860934138E-05
959,2.48322035294117,3.49430971961575E-05
960,2.48269564705882,3.26583828520644E-05
961,2.48217094117647,3.05262338347841E-05
962,2.48167729411764,2.85628347839114E-05
963,2.4811914117647,2.66949612354417E-05
964,2.48070552941176,2.49527685793344E-05
965,2.48023937142857,2.33475416856635E-05
966,2.4798028,2.18204577575689E-05
967,2.47936622857142,2.03969009487368E-05
968,2.47892965714285,1.90845072552961E-05
969,2.47846352941176,1.78360369654447E-05
970,2.47799411764705,1.66728395539138E-05
971,2.47752470588235,0.000015599859374517
972,2.47699867647058,1.45791704829061E-05
973,2.47641602941176,1.36287144071121E-05
974,2.47583338235294,1.27514730022841E-05
975,2.47524017647058,1.19170074062553E-05
976,2.47455194117647,1.11403836422593E-05
977,2.47386370588235,1.04231735346479E-05
978,2.47317547058823,9.74095525008619E-06
979,2.47250844117647,9.1063709845276E-06
980,2.47185049999999,8.51999855944492E-06
981,2.47119255882352,7.96225040026359E-06
982,2.47060335294117,7.44372752115094E-06
983,2.47017452941176,6.96432475656547E-06
984,2.46974570588235,6.50833739274203E-06
985,2.46931688235294,6.08464901791824E-06
986,2.46911045714285,5.69270197925171E-06
987,2.46892874285714,5.31990932873636E-06
988,2.46874702857142,4.97371083645758E-06
989,2.46858670588235,4.65326539410824E-06
990,2.46845847058823,4.34848870440299E-06
991,2.46833023529411,4.06560769284365E-06
992,2.46820199999999,3.80362013354757E-06
993,2.46787258823529,3.55444997663786E-06
994,2.46754317647058,3.32330608524161E-06
995,2.46721376470588,3.10911218576403E-06
996,2.46673664705882,2.90540320498688E-06
997,2.46616105882352,2.71653404676628E-06
998,2.46558547058823,2.54141500001378E-06
999,2.46498976470588,2.37487283795963E-06
1000,2.46431358823529,2.22054663573348E-06
1001,2.4636374117647,2.07737416143279E-06
1002,2.46296123529411,1.94121775099076E-06
1003,2.46239605714285,1.81511681996565E-06
1004,2.46185862857142,1.69806301500957E-06
1005,2.46132119999999,1.58674848397319E-06
1006,2.46083205882352,1.48371060332802E-06
1007,2.46045558823529,1.38801072191918E-06
1008,2.46007911764705,1.2970056700885E-06
1009,2.45970264705882,1.21281275603513E-06
1010,2.45940902941176,1.13457126411094E-06
1011,2.45912461764705,1.06017022268669E-06
1012,2.45884020588235,9.9137565187047E-07
1013,2.45852638235294,9.27407661651668E-07
1014,2.45818314705882,8.66581221412563E-07
1015,2.4578399117647,8.10368735753867E-07
1016,2.45748658823529,7.58070366313139E-07
1017,2.45704247058823,7.08341831862499E-07
1018,2.45659835294117,6.62410248796587E-07
1019,2.45615423529411,6.19652635904666E-07
1020,2.45567819999999,5.78997183975262E-07
1021,2.45518848571428,5.41466192448748E-07
1022,2.45469877142857,5.0650883354291E-07
1023,2.45421288235294,4.73271069587647E-07
1024,2.45374229411764,4.42604255362195E-07
1025,2.45327170588235,4.14024162474813E-07
1026,2.45280111764705,3.86850718847395E-07
1027,2.45238558823529,3.61792667980979E-07
1028,2.45198382352941,3.38426444895467E-07
1029,2.45158205882352,3.16210876337686E-07
1030,2.45120464705882,2.9573578203517E-07
1031,2.45086376470588,2.76632267991787E-07
1032,2.45052288235294,2.58470000825584E-07
1033,2.45018199999999,2.41739669766244E-07
1034,2.44986023529411,2.26121222132197E-07
1035,2.44953847058823,2.11272722889724E-07
1036,2.44921670588235,1.97602261927758E-07
1037,2.44889977142857,1.84833101880345E-07
1038,2.44858605714285,1.72693765759439E-07
1039,2.44827234285714,1.61523544306569E-07
1040,2.44795773529411,1.51083877066951E-07
1041,2.44763508823529,1.41159410197769E-07
1042,2.44731244117647,1.32032150505992E-07
1043,2.44698979411764,1.23497006705965E-07
1044,2.44668238235294,1.15383299896209E-07
1045,2.4463815,1.0792535738069E-07
1046,2.44608061764705,1.00947294312411E-07
1047,2.44578811764705,9.43139688106515E-08
1048,2.44551517647058,8.82200360813245E-08
1049,2.44524223529411,8.2514994691935E-08
1050,2.44496929411764,7.70919500164172E-08
1051,2.44471031428571,7.2112558443971E-08
1052,2.44445288571428,6.74483003884338E-08
1053,2.44419545714285,6.301471649959E-08
1054,2.44391382352941,5.89460236647601E-08
1055,2.44359588235294,5.51326777491314E-08
1056,2.44327794117647,5.1508023774344E-08
1057,2.44295999999999,4.81834687271368E-08
1058,2.44254117647058,4.50658019356389E-08
1059,2.44212235294117,4.21024853532094E-08
1060,2.44170352941176,3.93859700716197E-08
1061,2.44123476470588,3.68370685689557E-08
1062,2.44073270588235,3.44144255510776E-08
1063,2.44023064705882,3.2194743467212E-08
1064,2.43972976470588,3.01108463599054E-08
1065,2.43923358823529,2.81302285811454E-08
1066,2.4387374117647,2.63165120941357E-08
1067,2.43824123529411,2.46127876573045E-08
1068,2.43786862857142,2.29935455189869E-08
1069,2.43752691428571,2.15115461285505E-08
1070,2.4371852,2.01186385673652E-08
1071,2.43689323529411,1.87948372869908E-08
1072,2.43671735294117,1.75838860666736E-08
1073,2.43654147058823,1.64450922462779E-08
1074,2.43636558823529,1.53628271007484E-08
1075,2.43629611764705,1.43733510810882E-08
1076,2.43623847058823,1.34423123016502E-08
1077,2.43618082352941,1.25575137085418E-08
1078,2.43609597058823,1.17490064978005E-08
1079,2.4359839117647,1.09878213563576E-08
1080,2.43587185294117,1.02644604220538E-08
1081,2.43574445714285,9.60382398738294E-09
1082,2.43547902857142,8.98150550860408E-09
1083,2.43521359999999,8.39012697781937E-09
1084,2.43494817142857,7.85031670400055E-09
1085,2.43458152941176,7.34153093560354E-09
1086,2.4341474117647,6.85805380759826E-09
1087,2.43371329411764,6.41697136583817E-09
1088,2.43326723529411,6.00100609157705E-09
1089,2.4327734117647,5.60574306695392E-09
1090,2.43227958823529,5.24533177086515E-09
1091,2.43178576470588,4.9052533610956E-09
1092,2.43136088235294,4.58210919322184E-09
1093,2.43095323529411,4.28761480838523E-09
1094,2.43054558823529,4.00957888651225E-09
1095,2.43019437142857,3.74539499611804E-09
1096,2.4299278,3.50476174282807E-09
1097,2.42966122857142,3.2774496071612E-09
1098,2.42939465714285,3.06146827411649E-09
1099,2.42922585294117,2.86484529734551E-09
1100,2.4290679117647,2.67900315689841E-09
1101,2.42890997058823,2.50242947205376E-09
1102,2.42876688235294,2.34176757488988E-09
1103,2.42863864705882,2.18982984282701E-09
1104,2.4285104117647,2.04547358336046E-09
1105,2.42837852941176,1.91419571530966E-09
1106,2.42821382352941,1.78997702542301E-09
1107,2.42804911764705,1.67195987143851E-09
1108,2.4278844117647,1.5646918822999E-09
1109,2.42767523529411,1.46313529137121E-09
1110,2.42744699999999,1.36665146204945E-09
1111,2.42721876470588,1.2790020991775E-09
1112,2.42697148571428,1.19597322521822E-09
1113,2.42667977142857,1.11709378795643E-09
1114,2.42638805714285,1.04547493061092E-09
1115,2.42609634285714,9.77593646872265E-10
1116,2.42574270588235,9.13106531129804E-10
1117,2.42537358823529,8.54586302808569E-10
1118,2.42500447058823,7.99089136231629E-10
1119,2.42461464705882,7.46368337629746E-10
1120,2.42419376470588,6.98551083212406E-10
1121,2.42377288235294,6.5317871587423E-10
1122,2.42335199999999,6.10077364676593E-10
1123,2.42291464705882,5.71005578977783E-10
1124,2.42247729411764,5.33910872960033E-10
1125,2.42203994117647,4.9867381278086E-10
1126,2.42164557142857,4.66748005741214E-10
1127,2.42127985714285,4.36420807300574E-10
1128,2.42091414285714,4.07613124315537E-10
1129,2.42056052941176,3.8152634233455E-10
1130,2.42031582352941,3.56732004295542E-10
1131,2.42007111764705,3.33180596713928E-10
1132,2.4198264117647,3.11864919610496E-10
1133,2.41967599999999,2.91594039336211E-10
1134,2.419566,2.7233984787651E-10
1135,2.419456,2.54922671211756E-10
1136,2.41937214285714,2.3834999806786E-10
1137,2.41934928571428,2.22608952283372E-10
1138,2.41932642857142,2.0837726536584E-10
1139,2.41930357142857,1.94828104862935E-10
1140,2.41924699999999,1.81963522457267E-10
1141,2.419182,1.70330392279169E-10
1142,2.41911699999999,1.59253139252667E-10
1143,2.419,1.4874140634404E-10
1144,2.41880499999999,1.39230344482478E-10
1145,2.41861,1.30174027170293E-10
1146,2.41841499999999,1.21584822697272E-10
1147,2.41807676470588,1.13808732730504E-10
1148,2.41773852941176,1.06404653593279E-10
1149,2.41740029411764,9.9386359452756E-11
1150,2.41701042857142,9.30287565438804E-11
1151,2.41658614285714,8.69754824439405E-11
1152,2.41616185714285,8.12407892255386E-11
1153,2.41573776470588,7.60429197105689E-11
1154,2.4153154117647,7.1094010412864E-11
1155,2.41489305882352,6.64081557520711E-11
1156,2.41447070588235,6.21584662554407E-11
1157,2.41410661764705,5.81124416868988E-11
1158,2.41376749999999,5.42835997478712E-11
1159,2.41342838235294,5.08091272489813E-11
1160,2.41311908823529,4.75012650895895E-11
1161,2.41287938235294,4.43726937498255E-11
1162,2.41263967647058,4.15320262001433E-11
1163,2.41239997058823,3.8827655889704E-11
1164,2.41223508571428,3.62712801542045E-11
1165,2.41207851428571,3.39488011604902E-11
1166,2.41192194285714,3.17378213224971E-11
1167,2.41177105882352,2.96489902902651E-11
1168,2.41162870588235,2.77501736368165E-11
1169,2.41148635294117,2.59425697250635E-11
1170,2.411344,2.42357724727561E-11
1171,2.41118664705882,2.26833349807389E-11
1172,2.41102929411764,2.12055146725377E-11
1173,2.41087194117647,1.98108796754834E-11
1174,2.41069888235294,1.85416358291845E-11
1175,2.41051535294117,1.73334329789789E-11
1176,2.41033182352941,1.61938677656068E-11
1177,2.41014545714285,1.51561580953711E-11
1178,2.40994774285714,1.41683832792617E-11
1179,2.40975002857142,1.32372372243652E-11
1180,2.40955231428571,1.23888257863351E-11
1181,2.40935114705882,1.15812637195136E-11
1182,2.40914849999999,1.08204182976146E-11
1183,2.40894585294117,1.01267736814338E-11
1184,2.40874611764705,9.46654598259091E-12
1185,2.40855317647058,8.84485430169895E-12
1186,2.40836023529411,8.27774420600742E-12
1187,2.40816729411764,7.73797085599307E-12
1188,2.40798394285714,7.22998259061634E-12
1189,2.40780165714285,6.76632476766396E-12
1190,2.40761937142857,6.32502976950873E-12
1191,2.40742999999999,5.90994929522889E-12
1192,2.40722999999999,5.53087209961128E-12
1193,2.40702999999999,5.17008878847669E-12
1194,2.40682999999999,4.83092386701816E-12
1195,2.40658117647058,4.52099817401179E-12
1196,2.40633235294117,4.22603775342902E-12
1197,2.40608352941176,3.94890391776122E-12
1198,2.4057964117647,3.6955151511618E-12
1199,2.40548376470588,3.45436867691566E-12
1200,2.40517111764705,3.22792083985258E-12
1201,2.40484968571428,3.02075555143793E-12
1202,2.40449311428571,2.82360501716842E-12
1203,2.40413654285714,2.63857303510467E-12
1204,2.40377997142857,2.46919913991642E-12
1205,2.40340061764705,2.30801776010681E-12
1206,2.40301149999999,2.15682693916333E-12
1207,2.40262238235294,2.01835052246017E-12
1208,2.40224861764705,1.88657593976931E-12
1209,2.40191067647058,1.76303694892779E-12
1210,2.40157273529411,1.64982167703143E-12
1211,2.40123479411764,1.54208878974042E-12
1212,2.40099322857142,1.44114428687376E-12
1213,2.40076237142857,1.34858200203622E-12
1214,2.40053151428571,1.26050453457185E-12
1215,2.40034147058823,1.17802213294637E-12
1216,2.40021264705882,1.10234529550518E-12
1217,2.40008382352941,1.03033721938701E-12
1218,2.39995499999999,9.62940319261661E-13
1219,2.39991411764705,9.01068663498294E-13
1220,2.39987323529411,8.42198198415357E-13
1221,2.39983235294117,7.87127758454941E-13
1222,2.3998054117647,7.36542921044481E-13
1223,2.39978776470588,6.88413172149073E-13
1224,2.39977011764705,6.43414761958207E-13
1225,2.39974388571428,6.02057780366654E-13
1226,2.39968331428571,5.62709152271785E-13
1227,2.39962274285714,5.25940662294932E-13
1228,2.39956217142857,4.92128171276941E-13
1229,2.39945238235294,4.59958585808844E-13
1230,2.3993215,4.29914816496915E-13
1231,2.39919061764705,4.02270531853876E-13
1232,2.39903979411764,3.75970201432346E-13
1233,2.39884244117647,3.51421244566381E-13
1234,2.39864508823529,3.288199455136E-13
1235,2.39844773529411,3.07318046619482E-13
1236,2.39822485714285,2.87258936294477E-13
1237,2.39799914285714,2.68780666479244E-13
1238,2.39777342857142,2.51201742144448E-13
1239,2.39755376470588,2.34811314264859E-13
1240,2.39734317647058,2.19703937377392E-13
1241,2.39713258823529,2.05332253721697E-13
1242,2.39692199999999,1.91939529830993E-13
1243,2.3967564117647,1.7958811578421E-13
1244,2.39659082352941,1.67838521450081E-13
1245,2.39642523529411,1.56895240741953E-13
1246,2.39628629411764,1.46797036402837E-13
1247,2.39616511764705,1.37191138487692E-13
1248,2.39604394117647,1.28249313536011E-13
1249,2.39592779999999,1.19993279285455E-13
1250,2.3958318,1.12139965818577E-13
1251,2.3957358,1.04833543220176E-13
1252,2.3956398,9.80836224504702E-14
1253,2.39551773529411,9.16631384208793E-14
1254,2.3953845,8.56930135889913E-14
1255,2.39525126470588,8.01744541816121E-14
1256,2.39509499999999,7.49253827979323E-14
1257,2.39488499999999,7.00471554536607E-14
1258,2.39467499999999,6.55353264985092E-14
1259,2.39446499999999,6.12439456421145E-14
1260,2.39418608571428,5.72579147478704E-14
1261,2.39389951428571,5.35691633240759E-14
1262,2.39361294285714,5.00607438579736E-14
1263,2.393295,4.68037324133294E-14
1264,2.39293,4.37879082847278E-14
1265,2.39256499999999,4.09195999395809E-14
1266,2.39219999999999,3.82582749694556E-14
1267,2.39180911764705,3.57926189342151E-14
1268,2.39141823529411,3.34476341282748E-14
1269,2.39102735294117,3.12730484023756E-14
1270,2.39066488235294,2.92571955389874E-14
1271,2.39032135294117,2.73400543319272E-14
1272,2.38997782352941,2.55631863686505E-14
1273,2.38965185714285,2.39150807985938E-14
1274,2.38939614285714,2.23477233816716E-14
1275,2.38914042857142,2.08958331566434E-14
1276,2.38888471428571,1.95483880443551E-14
1277,2.38868467647058,1.82669964898399E-14
1278,2.38850849999999,1.70806476619588E-14
1279,2.38833232352941,1.59790145053139E-14
1280,2.38817785294117,1.49314143746885E-14
1281,2.38807402941176,1.3962041127901E-14
1282,2.38797020588235,1.30613771917628E-14
1283,2.38786638235294,1.22049132104861E-14
1284,2.38778682857142,1.14128321045725E-14
1285,2.38770997142857,1.06764751254779E-14
1286,2.38763311428571,9.97627443321104E-15
1287,2.38754464705882,9.32905987429423E-15
1288,2.38743876470588,8.72703574120518E-15
1289,2.38733288235294,8.15458800618318E-15
1290,2.387227,7.62574483324734E-15
1291,2.38707552941176,7.13354750224106E-15
1292,2.38692405882352,6.66554408934247E-15
1293,2.38677258823529,6.23342293615191E-15
1294,2.38659628571428,5.83101691754084E-15
1295,2.38640342857142,5.44840184679891E-15
1296,2.38621057142857,5.0953128771558E-15
1297,2.3860139117647,4.76631769282906E-15
1298,2.38578302941176,4.45351174806096E-15
1299,2.38555214705882,4.16500048319198E-15
1300,2.38532126470588,3.89602389867535E-15
1301,2.38509552941176,3.64029029563557E-15
1302,2.38487199999999,3.40454588809875E-15
1303,2.38464847058823,3.18463877940324E-15
1304,2.38443799999999,2.97556456641866E-15
1305,2.38425799999999,2.78293629691202E-15
1306,2.384078,2.60314696315612E-15
1307,2.383898,2.43221903922671E-15
1308,2.38375,2.27482124302521E-15
1309,2.38361,2.12783102358098E-15
1310,2.38346999999999,1.98808951127263E-15
1311,2.38334611764705,1.85947876108243E-15
1312,2.3832464117647,1.73930412536494E-15
1313,2.38314670588235,1.62505898532528E-15
1314,2.38304699999999,1.51997031532058E-15
1315,2.38296758823529,1.4217192990101E-15
1316,2.38288817647058,1.32831864783184E-15
1317,2.38280876470588,1.24245002062126E-15
1318,2.38271785714285,1.16212309420581E-15
1319,2.38261928571428,1.08576379247886E-15
1320,2.38252071428571,1.01559998567931E-15
1321,2.38241688235294,9.49927249768741E-16
1322,2.38226570588235,8.87500048210394E-16
1323,2.38211452941176,8.30168751035566E-16
1324,2.38196335294117,7.76476831539934E-16
1325,2.38177244117647,7.25439770143399E-16
1326,2.3815645,6.78593999001899E-16
1327,2.38135655882352,6.34697224172139E-16
1328,2.38113522857142,5.92972129653446E-16
1329,2.38088265714285,5.54694149178842E-16
1330,2.38063008571428,5.18805578880534E-16
1331,2.38037751428571,4.84693446169168E-16
1332,2.38009170588235,4.53416262476568E-16
1333,2.37979758823529,4.24074948139671E-16
1334,2.37950347058823,3.96186760538977E-16
1335,2.37921147058823,3.70629972860754E-16
1336,2.37892264705882,3.46641487208664E-16
1337,2.37863382352941,3.23841658453214E-16
1338,2.37834499999999,3.02959043098549E-16
1339,2.37809385714285,2.83346858900759E-16
1340,2.37784271428571,2.64706994252726E-16
1341,2.37759157142857,2.47643675124302E-16
1342,2.37735688235294,2.31609413823358E-16
1343,2.37713864705882,2.16370507502594E-16
1344,2.3769204117647,2.02427959850707E-16
1345,2.37670626470588,1.89318891961054E-16
1346,2.3765289117647,1.76860421700494E-16
1347,2.37635155882352,1.6546787646577E-16
1348,2.37617420588235,1.54750350825313E-16
1349,2.37602199999999,1.44565011170122E-16
1350,2.37588057142857,1.35256089288281E-16
1351,2.37573914285714,1.2649380957813E-16
1352,2.37559876470588,1.18166855137556E-16
1353,2.37546258823529,1.10560475279779E-16
1354,2.3753264117647,1.03396739536889E-16
1355,2.37519023529411,9.65890971000036E-17
1356,2.37504770588235,9.03738752649536E-17
1357,2.37490358823529,8.45170554274895E-17
1358,2.37475947058823,7.89515173103111E-17
1359,2.37460888235294,7.38730196305788E-17
1360,2.37444858823529,6.90846900430419E-17
1361,2.37428829411764,6.45346264929254E-17
1362,2.37412799999999,6.03849534213063E-17
1363,2.37395342857142,5.64701850540475E-17
1364,2.37377885714285,5.2750316105928E-17
1365,2.37360428571428,4.93595915871312E-17
1366,2.37356384861038,4.61590168819764E-17
1367,2.37341734561849,4.31178679161905E-17
1368,2.3732708511471,4.03472851343802E-17
1369,2.3731243679458,3.77306104630239E-17
1370,2.37297789320989,3.52443442702681E-17
1371,2.37283142693891,3.29804832847143E-17
1372,2.37268496913245,3.08411849331209E-17
1373,2.37253851995145,2.88085591399645E-17
1374,2.37239208192948,2.69587437886386E-17
1375,2.37224565237027,2.52097315575021E-17
1376,2.37209923127339,2.35479760878233E-17
1377,2.37195281863842,2.20364800835031E-17
1378,2.37180641473383,2.06065519828817E-17
1379,2.37166002187723,1.9247998692324E-17
1380,2.3715136374808,1.80129455993554E-17
1381,2.37136726154409,1.68438893182224E-17
1382,2.37122089406668,1.5733216565609E-17
1383,2.37107453542448,1.47240467510071E-17
1384,2.37092818771935,1.37682699104412E-17
1385,2.37078184847176,1.28602498690381E-17
1386,2.37063551768129,1.20356507319631E-17
1387,2.37048919534751,1.1254243455734E-17
1388,2.37034288195372,1.05119004378369E-17
1389,2.37019657938611,9.83811518680562E-18
1390,2.37005028527345,9.19926612137938E-18
1391,2.36990399961529,8.59237092540442E-18
1392,2.36975772241122,8.04181666928704E-18
1393,2.36961145425185,7.5195179731262E-18
1394,2.36946519680785,7.02335694464339E-18
1395,2.36931894781618,6.57349552594216E-18
1396,2.36917270727642,6.14648411106955E-18
1397,2.36902647518814,5.7408527951288E-18
1398,2.3688802522492,5.37326814059701E-18
1399,2.36873403991489,5.02416006656774E-18
1400,2.36858783603031,4.69254047369042E-18
1401,2.36844164059503,4.39218469159791E-18
1402,2.36829545360862,4.10676747474296E-18
1403,2.36814927587614,3.83565545944927E-18
1404,2.3680031086376,3.5902328208157E-18
1405,2.36785694984619,3.35688684995361E-18
1406,2.36771079950148,3.13524221309125E-18
1407,2.36756465760303,2.93470579879537E-18
1408,2.36741852506303,2.74393130422306E-18
1409,2.36727240290635,2.56272822753584E-18
1410,2.36712628919421,2.39886863543565E-18
1411,2.36698018392616,2.24289895484417E-18
1412,2.36683408710177,2.09477981494547E-18
1413,2.36668799974027,1.96086773652566E-18
1414,2.36654192265156,1.83335313445032E-18
1415,2.36639585400478,1.71232403391888E-18
1416,2.36624979379949,1.6028396388712E-18
1417,2.36610374203526,1.49858880837794E-18
1418,2.36595769983829,1.39969515300385E-18
1419,2.36581166780364,1.31018247567471E-18
1420,2.36566564420832,1.22495119912032E-18
1421,2.36551962905189,1.14414455815293E-18
1422,2.36537362233392,1.07096046039662E-18
1423,2.36522762528753,1.00127882586349E-18
1424,2.36508163829305,9.35251200534729E-19
1425,2.36493565973529,8.7541710217334E-19
1426,2.36478968961383,8.18448241718709E-19
1427,2.36464372792822,7.64496644988992E-19
1428,2.36449777601845,7.15577300236146E-19
1429,2.36435183405024,6.69001899301841E-19
1430,2.36420590051616,6.24917703100739E-19
1431,2.36405997541577,5.84922089507995E-19
1432,2.36391405874864,5.46843965945149E-19
1433,2.36376815196152,5.10822486091026E-19
1434,2.36362225500571,4.78122772476273E-19
1435,2.36347636648142,4.46991681357875E-19
1436,2.36333048638822,4.17558298815027E-19
1437,2.36318461472568,3.90823594384186E-19
1438,2.36303875304727,3.65372116020851E-19
1439,2.36289290108996,3.41321910104215E-19
1440,2.36274705756158,3.19464098523331E-19
1441,2.36260122246169,2.98656040411157E-19
1442,2.36245539578986,2.79004462690161E-19
1443,2.36230957920622,2.61133916684166E-19
1444,2.36216377223354,2.4412212883593E-19
1445,2.36201797368718,2.28064698464524E-19
1446,2.36187218356672,2.13454072626495E-19
1447,2.36172640187173,1.99545958949447E-19
1448,2.36158063036891,1.86425329461408E-19
1449,2.36143486836698,1.74479957716051E-19
1450,2.36128911478878,1.63109279401043E-19
1451,2.36114336963388,1.52388328776906E-19
1452,2.36099763290185,1.4262202173332E-19
1453,2.36085190646592,1.33325844764864E-19
1454,2.36070618942087,1.24565687152764E-19
1455,2.36056048079695,1.16580944342981E-19
1456,2.36041478059374,1.08980792655209E-19
1457,2.36026908881081,1.01822811606768E-19
1458,2.36012340742783,9.5294643281587E-20
1459,2.3599777353258,8.90810902960547E-20
1460,2.35983207164231,8.32322580080304E-20
1461,2.35968641637692,7.78949580622682E-20
1462,2.35954076952921,7.28150293197703E-20
1463,2.35939513318527,6.80359108921116E-20
1464,2.35924950601239,6.3672242595957E-20
1465,2.35910388725545,5.95191166342653E-20
1466,2.35895827691404,5.56140682723294E-20
1467,2.3588126749877,5.20464226817643E-20
1468,2.35866708366885,4.86510108731819E-20
1469,2.35852150141127,4.54601707758107E-20
1470,2.35837592756704,4.25433379793822E-20
1471,2.35823036213573,3.97674005350143E-20
1472,2.35808480511692,3.71601445977425E-20
1473,2.35793925880925,3.47754035965724E-20
1474,2.35779372145311,3.25059214822044E-20
1475,2.35764819250774,3.03755159103178E-20
1476,2.35750267197269,2.84258025944845E-20
1477,2.35735715984754,2.65703762318083E-20
1478,2.35721165853713,2.48296081561298E-20
1479,2.35706616606859,2.32355647174883E-20
1480,2.35692068200822,2.17186521455431E-20
1481,2.35677520635558,2.0296259370529E-20
1482,2.35662973911025,1.8993004365326E-20
1483,2.3564842827832,1.77528457121105E-20
1484,2.35633883518841,1.65905994400884E-20
1485,2.3561933959992,1.55250870443155E-20
1486,2.35604796521513,1.45111900988563E-20
1487,2.35590254283578,1.35615112052639E-20
1488,2.35575713147818,1.26903721852148E-20
1489,2.3556117287433,1.18614567033624E-20
1490,2.35546633441141,1.10854679799348E-20
1491,2.35532094848207,1.03732445058009E-20
1492,2.35517557095486,9.69556155861443E-21
1493,2.3550302045528,9.06149618878299E-21
1494,2.35488484666399,8.47919864822924E-21
1495,2.35473949717559,7.92515659028513E-21
1496,2.35459415608715,7.40705770420382E-21
1497,2.35444882339824,6.93098477806029E-21
1498,2.35430350193783,6.47802589595329E-21
1499,2.35415818888127,6.05468396855858E-21
1500,2.35401288422252,5.66545794540071E-21
1501,2.35386758796114,5.29514005228639E-21
1502,2.35372230019784,4.94922464442702E-21
1503,2.35357702356405,4.63100271096375E-21
1504,2.35343175532591,4.3282482966889E-21
1505,2.35328649548298,4.04559859522682E-21
1506,2.35314124403485,3.78542800159239E-21
1507,2.35299600118888,3.5379103694499E-21
1508,2.35285076936227,3.30695548301976E-21
1509,2.35270554592872,3.09424633776165E-21
1510,2.3525603308878,2.89188773589581E-21
1511,2.35241512423909,2.70317301484694E-21
1512,2.35226992629657,2.52926725193838E-21
1513,2.35212473926332,2.3638285669589E-21
1514,2.35197956062054,2.20962855633767E-21
1515,2.35183439036781,2.06744753076297E-21
1516,2.3516892285047,1.93219283882283E-21
1517,2.35154407545174,1.80619501976858E-21
1518,2.35139893319804,1.68995138843901E-21
1519,2.35125379933222,1.57937370665094E-21
1520,2.35110867385386,1.47642007945942E-21
1521,2.35096355676254,1.38138224066045E-21
1522,2.35081844858527,1.29097931334111E-21
1523,2.3506733510973,1.20685524332586E-21
1524,2.35052826199463,1.12915474706107E-21
1525,2.35038318127684,1.05524573833735E-21
1526,2.3502381089435,9.8650742042683E-22
1527,2.35009304562803,9.22981510971114E-22
1528,2.34994799289199,8.62557140690561E-22
1529,2.34980294853867,8.06390619642405E-22
1530,2.34965791256764,7.54453501529318E-22
1531,2.34951288497847,7.05053522986995E-22
1532,2.34936786651095,6.5915949789957E-22
1533,2.34922285851303,6.16697085640722E-22
1534,2.34907785889525,5.76310116800171E-22
1535,2.34893286765718,5.38809814139102E-22
1536,2.34878788479838,5.04093681788586E-22
1537,2.34864291116494,4.71075311753364E-22
1538,2.34849794789135,4.40433573596971E-22
1539,2.34835299299531,4.12050601732412E-22
1540,2.3482080464764,3.85056438268007E-22
1541,2.34806310833419,3.60018877218675E-22
1542,2.34791817952096,3.36813733817823E-22
1543,2.3477732609579,3.14744666023147E-22
1544,2.34762835076982,2.94286314081769E-22
1545,2.34748344895628,2.75314428133256E-22
1546,2.34733855551685,2.57271875681352E-22
1547,2.34719367150998,2.40555224912828E-22
1548,2.34704879764367,2.25044338671873E-22
1549,2.34690393214974,2.10293665628061E-22
1550,2.34675907502778,1.96634382919585E-22
1551,2.34661422627735,1.83953117886098E-22
1552,2.34646938706299,1.71893721521619E-22
1553,2.34632455787963,1.6073263389147E-22
1554,2.34617973706609,1.50364791060367E-22
1555,2.34603492462192,1.40505647843912E-22
1556,2.34589012054671,1.31385851457345E-22
1557,2.34574532611101,1.22909399787906E-22
1558,2.34560054159683,1.14849072920464E-22
1559,2.34545576544988,1.07397228719566E-22
1560,2.34531099766973,1.00467126591705E-22
1561,2.34516623825596,9.38774210975514E-23
1562,2.34502148858507,8.77884713402684E-23
1563,2.34487674872629,8.21226217773196E-23
1564,2.34473201723216,7.67352216711375E-23
1565,2.34458729410225,7.17599017171523E-23
1566,2.34444257933614,6.7127669706964E-23
1567,2.34429787441623,6.27232131701595E-23
1568,2.34415317919907,5.86578472809247E-23
1569,2.34400849234399,5.48706718112588E-23
1570,2.34386381385055,5.12698195725799E-23
1571,2.34371914371834,4.79479829939866E-23
1572,2.34357448353557,4.4851701678945E-23
1573,2.34342983294627,4.19078349468999E-23
1574,2.34328519071646,3.91935409434745E-23
1575,2.34314055684573,3.66621148251373E-23
1576,2.34299593133364,3.42553654662995E-23
1577,2.34285131587418,3.20374984030887E-23
1578,2.34270670989897,2.99678815039696E-23
1579,2.34256211228069,2.80002514033448E-23
1580,2.34241752301889,2.6188017981369E-23
1581,2.34227294211317,2.44959627783098E-23
1582,2.34212837136319,2.28873336638506E-23
1583,2.34198380998831,2.14065460953787E-23
1584,2.34183925696779,2.00231741806224E-23
1585,2.34169471230118,1.87080454492397E-23
1586,2.34155017598806,1.74980844164328E-23
1587,2.34140564993374,1.63670827573892E-23
1588,2.34126113314544,1.52919044804734E-23
1589,2.34111662470891,1.43032375493876E-23
1590,2.34097212462373,1.33785662227191E-23
1591,2.34082763288947,1.24995587420705E-23
1592,2.34068315151699,1.16917126427998E-23
1593,2.34053867930152,1.0935730737373E-23
1594,2.34039421543524,1.0217102074147E-23
1595,2.34024975991774,9.55700583790479E-24
1596,2.34010531274858,8.93893924224092E-24
1597,2.33996087604413,8.35142773866538E-24
1598,2.33981644838774,7.81205886445219E-24
1599,2.33967202907797,7.30674757037968E-24
1600,2.33952761811439,6.8264304260533E-24
1601,2.33938321549659,6.38570865474593E-24
1602,2.33923882344636,5.97258258642032E-24
1603,2.3390944403353,5.57990177709238E-24
1604,2.33895006556829,5.21978518714699E-24
1605,2.33880569914491,4.88202686656361E-24
1606,2.33866134106473,4.56099278420882E-24
1607,2.33851699365491,4.26673920565477E-24
1608,2.33837265507545,3.9905991708466E-24
1609,2.33822832483747,3.72813955994444E-24
1610,2.33808400294054,3.48770307101457E-24
1611,2.33793968938424,3.26194018085419E-24
1612,2.33779538660103,3.04736786167491E-24
1613,2.33765109253943,2.85090566232632E-24
1614,2.33750680681674,2.66632950531942E-24
1615,2.33736252943253,2.49090721157655E-24
1616,2.33721826038638,2.33037668667713E-24
1617,2.33707400221599,2.17947346725731E-24
1618,2.33692975265851,2.03605807962735E-24
1619,2.33678551143738,1.9048875566976E-24
1620,2.33664127855217,1.78151423047831E-24
1621,2.33649705400244,1.66426592020606E-24
1622,2.33635284043107,1.5570856434553E-24
1623,2.336208635364,1.45621985097326E-24
1624,2.33606443863071,1.36036429069756E-24
1625,2.33592025023076,1.27278659818107E-24
1626,2.33577607016372,1.1903222179541E-24
1627,2.33563190117759,1.11195617761057E-24
1628,2.33548774058721,1.04039588257282E-24
1629,2.33534358832802,9.72975881244283E-25
1630,2.33519944439962,9.08908293403361E-25
1631,2.33505530884337,8.50435916719924E-25
1632,2.33491118438689,7.95315692257223E-25
1633,2.33476706825947,7.42937715462657E-25
1634,2.33462296046068,6.95159560925896E-25
1635,2.33447886099011,6.50095216078344E-25
1636,2.33433476999497,6.07274005464011E-25
1637,2.33419068999031,5.68234168528749E-25
1638,2.33404661831214,5.31391166554454E-25
1639,2.33390255496004,4.96383026310915E-25
1640,2.33375849993358,4.6448332481116E-25
1641,2.33361445348578,4.34361809160367E-25
1642,2.33347041791923,4.05741190598768E-25
1643,2.3333263906766,3.79675739622093E-25
1644,2.33318237175748,3.55049477587221E-25
1645,2.33303836116143,3.31650931739837E-25
1646,2.3328943592472,3.1035268433703E-25
1647,2.33275036810505,2.90219149258518E-25
1648,2.33260638528426,2.71089870431901E-25
1649,2.33246241078441,2.53686935687474E-25
1650,2.33231844460507,2.37226495713413E-25
1651,2.33217448721064,2.21587523648767E-25
1652,2.33203054047918,2.07367473895805E-25
1653,2.33188660206653,1.93910025988187E-25
1654,2.33174267197225,1.81124526842694E-25
1655,2.33159875019592,1.69505232858874E-25
1656,2.33145483730752,1.58502923809352E-25
1657,2.33131093497307,1.48050258406745E-25
1658,2.33116704095486,1.38556058665685E-25
1659,2.33102315525246,1.29560982665477E-25
1660,2.33087927786544,1.21015506110233E-25
1661,2.33073540946932,1.13257734523711E-25
1662,2.33059155151818,1.05903699411729E-25
1663,2.33044770188071,9.89174288134211E-26
1664,2.3303038605565,9.2578503824474E-26
1665,2.3301600275451,8.65661237610992E-26
1666,2.3300162036275,8.08545683180824E-26
1667,2.32987239004598,7.56749919967964E-26
1668,2.32972858477557,7.07594997196238E-26
1669,2.32958478781585,6.60900761773235E-26
1670,2.32944099916639,6.18578110984961E-26
